﻿<skin name="简爱影院 子洋制作" version="1.5" author="ximeng" email="1090504968@qq.com" url="http://bbs.cenfun.com" readme="" >
  <option xywh="0C, -10C, 30B, 40B" src="list.png" mask="" lock="1" display="0" group="A" shadow="1,90,#000000,0.5,4,4,1,3">
    <pane xywh="0, 0, 100P, 100P" align="left" font="" size="12" color="#FFDAB9,#FF00FF" />
    <scrollbar thumb_src="scrollbar_thumb.png" button_src="scrollbar_button.png" track_src="scrollbar_track.png"/>
    <bt_close xywh="5R, 3, 15, 14" src="bt_close.png"/> 
  </option>
  <list xywh="0R, 50R, 270, 210"  src="list.png" lock="0" display="1" group="A" shadow="3,45,#000000,0.5,4,4,1,3">
    <tree xywh="5, 30, 5B, 25B" align="left" font="Arial" size="12" color="#FFDAB9,#FF00FF"/>
    <scrollbar thumb_src="scrollbar_thumb.png" button_src="scrollbar_button.png" track_src="scrollbar_track.png"/>
    <search xywh="5, 6R, 350, 18" align="left" font="Arial" size="12" color="#EE0000, #0000FF" borderColor="#000000" backgroundColor="#ffffff" bold="" value="[简爱影院]请输入关键字搜索 " alpha="1"/>
    <bt_close xywh="5R, 5, 19, 19" src="bt_close.png"/>
    <event type="open" target="option" property="display" value="0"/>
  </list>
  <console xywh="0, 0, 100P, 100P" src="vplayer.swf" lock="1" display="1" group="A">
    <bt_play xywh="10, 10R, 40, 30" src="bt_play.png" />
    <bt_mute xywh="50R, 10R, 30, 30" src="bt_mute.png" hover_volume="1" />
    <volume xywh="-23R, 30R, 100, 24" track_src="track_volume.png" src="volume.png" rotation="-90" />
    <progress xywh="63, 13R, 110B, 24" track_src="track_progress.png" />
    <bt_list xywh="10R, 10R, 30, 30" src="bt_list.png" tips="列表" />
    <time xywh="90R, 18R, 67, 16" align="center" font="Arial Narrow" size="11" color="#cccccc" borderColor=""  />
	<title xywh="100, 18R, 30p, 18" align="left" font="Verdana" size="12" color="#cccccc" bold="1" borderColor="" shadow="1,90,#000000,1,2,2,1,1" />
  </console>
  <media xywh="0, 0, 100P, 100P" src="bg.swf" lock="1" display="1" mask="" group="A">
    <video xywh="0, 0, 100%, 100%" show_icon="1" show_buttons="1" />
  </media>

</skin>
